203,101,-0.04
305,101,-0.15
407,101,-0.12
508,100,-0.01
611,102,-0.03
713,101,-0.01
815,102,0.16
917,101,-0.03
1018,100,0.01
1121,102,-0.03
1223,101,-0.08
1325,102,-0.01
1427,101,-0.02
1528,100,0.03
1631,102,-0.02
1732,100,0.08
1835,102,-0.00
1937,101,0.02
2038,100,0.05
2141,102,-0.28
2242,100,-0.39
2344,101,-0.11
2447,102,0.23
2548,101,0.52
2651,102,0.82
2752,100,0.97
2854,101,1.14
2957,102,1.32
3058,101,0.99
3161,102,0.80
3262,100,0.87
3364,101,0.47
3467,102,0.48
3568,101,0.48
3671,102,1.10
3772,100,1.36
3874,101,1.15
3976,101,1.35
4078,101,1.01
4180,101,1.00
4282,102,0.85
4384,101,0.68
4486,101,0.63
4588,101,0.43
4690,101,0.21
4792,102,0.12
4894,101,0.16
4996,101,0.20
5098,101,0.19
5200,101,0.03
5302,102,0.11
5404,101,0.07
5506,101,0.09
5608,101,0.15
5709,100,0.10
5812,102,0.02
5914,101,0.11
6016,102,0.23
6118,101,0.11
6219,100,0.19
6322,102,0.19
6424,101,0.13
6525,101,0.10
6628,102,0.17
6729,100,0.03
6832,102,0.06
6934,101,0.08
7035,101,0.19
7138,102,0.17
7239,100,0.09
7342,102,-0.06
7443,100,0.08
7545,101,0.08
7648,102,0.08
7749,101,0.01
7852,102,0.20
7953,100,0.06
8055,101,0.03
8158,102,0.18
8259,101,0.13
8361,101,0.24
8463,100,0.20
8565,101,0.06
8668,102,0.18
8769,101,0.08
8871,101,0.11
8973,101,0.14
9075,101,0.11
9177,101,0.10
9279,101,0.11
9381,101,0.11
9483,102,0.07
9585,101,0.17
9687,101,0.00
9789,101,0.08
9891,101,0.11
9993,102,0.15
10095,101,-0.02
10196,100,0.09
10299,101,0.20
10400,100,0.13
10503,102,0.01
10605,101,0.09
10706,100,0.13
10809,102,0.15
10910,100,0.13
11013,102,0.03
11115,101,0.08
11216,101,0.04
11319,102,0.18
11420,100,-0.00
11523,102,0.02
11625,101,0.22
11726,101,0.06
11829,102,0.12
11930,100,0.10
12033,102,0.08
12134,100,0.11
12236,101,0.15
12339,102,0.06
12440,100,0.06
12542,101,0.43
12644,100,1.02
12746,101,0.22
12849,102,0.30
12950,100,0.11
13052,101,0.01
13154,101,0.06
13256,101,0.08
13359,102,-0.03
13460,101,0.06
13562,101,0.03
13664,101,-0.02
13766,101,0.08
13869,102,0.17
13970,101,-0.04
14072,101,-0.10
14174,101,0.04
14276,101,0.06
14377,100,0.01
14480,101,-0.07
14582,101,0.16
14684,101,0.38
14786,101,0.22
14887,100,-0.19
14990,102,0.16
15092,101,-0.04
15194,102,0.03
15296,101,-0.01
15397,100,0.15
15500,102,0.01
15601,100,-0.07
15704,102,0.03
15806,101,-0.04
15907,100,0.12
16010,102,-0.11
16111,100,0.02
16214,102,0.09
16316,101,0.25
16417,101,0.12
16520,102,0.05
16621,100,-0.06
16723,101,0.05
16826,102,0.09
16927,101,-0.01
17030,102,0.09
17131,100,0.03
17233,101,0.04
17335,101,-0.04
17437,101,0.10
17540,102,0.14
17641,100,0.05
17743,101,0.07
17845,101,-0.05
17947,101,0.06
18050,102,0.09
18151,101,0.00
18253,101,0.02
18355,101,0.03
18457,101,0.03
18558,100,0.02
18661,101,0.07
18763,101,0.02
18865,101,0.07
18967,101,0.14
19068,100,0.01
19171,102,0.11
19273,101,0.08
19375,102,0.03
19477,101,-0.04
19578,100,-0.04
19681,102,-0.04
19783,101,0.02
19885,102,0.04
19987,101,0.01
20088,100,-0.09
20191,102,-0.12
20292,100,0.03
20395,102,-0.08
20497,101,0.06
20598,100,0.01
20701,102,0.03
20802,100,0.10
20904,101,0.08
21007,102,0.05
21108,101,0.10
21211,102,0.19
21312,100,-0.04
21414,101,-0.18
21517,102,-0.30
21618,101,-1.29
21721,102,-0.89
21822,100,-1.39
21924,101,-0.60
22026,101,-1.66
22128,101,-2.67
22231,102,0.55
22332,100,5.19
22434,101,13.17
22536,101,16.47
22638,101,17.28
22740,101,18.26
22842,102,18.10
22944,101,15.69
23046,101,16.22
23148,101,16.81
23249,100,18.05
23352,102,19.07
23454,101,19.33
23556,101,18.92
23658,101,19.47
23759,100,18.79
23862,102,18.71
23964,101,19.08
24066,101,18.69
24168,101,18.50
24269,100,18.67
24372,102,18.63
24474,101,18.62
24576,102,18.37
24678,101,16.99
24779,100,14.65
24882,102,15.69
24983,100,16.15
25085,101,18.11
25188,102,20.27
25289,100,19.99
25392,102,20.32
25493,100,20.32
25595,101,19.83
25698,102,20.20
25799,100,19.99
25902,102,20.12
26003,100,20.10
26105,101,18.93
26208,102,13.02
26309,101,5.16
26412,102,0.48
26513,100,-0.74
26615,101,1.29
26717,101,5.21
26819,101,5.89
26921,101,7.80
27023,100,9.89
27125,101,10.78
27227,101,7.27
27329,101,5.89
27431,101,6.01
27533,102,7.20
27635,101,7.23
27737,101,6.74
27839,101,-0.17
27940,100,0.07
28043,102,0.10
28145,101,0.08
28247,101,0.13
28349,101,0.06
28450,100,0.00
28553,102,0.11
28655,101,0.18
28756,101,0.04
28859,101,0.12
28960,100,0.24
29063,102,0.06
29165,101,0.16
29266,101,0.25
29369,102,0.24
29470,100,0.05
29573,102,0.14
29674,100,0.14
29776,101,0.17
29879,102,0.08
29980,101,0.15
30083,102,0.22
30184,100,0.07
30286,101,0.09
30389,102,0.16
30490,101,0.22
30593,102,0.13
30694,100,0.13
30796,101,0.27
30898,101,0.21
31000,101,0.25
31102,101,0.20
31204,102,0.14
31306,101,0.13
31408,101,0.23
31510,101,0.08
31612,101,0.17
31714,102,0.09
31816,101,0.08
31918,101,0.01
32020,101,0.20
32121,100,0.04
32224,102,0.10
32326,101,0.21
32428,102,0.16
32530,101,0.14
32631,100,0.08
32734,102,0.19
32836,101,0.21
32937,101,0.29
33040,101,0.14
33141,100,0.10
33244,102,0.11
33345,100,0.17
33447,101,0.04
33550,102,0.18
33651,101,0.16
33754,102,0.04
33855,100,0.22
33957,101,0.23
34060,102,0.24
34161,101,0.06
34264,102,0.12
34365,100,0.12
34467,101,0.20
34569,101,0.18
34671,101,0.27
34774,102,0.27
34875,100,0.23
34977,101,0.18
35079,101,-0.00
35181,101,0.13
35283,101,0.21
35385,102,0.14
35487,101,0.14
35589,101,0.08
35691,101,0.08
35792,100,0.12
35895,102,0.23
35997,101,0.11
36099,101,0.13
36201,101,0.18
36302,100,0.20
36405,102,0.04
36507,101,0.05
36609,102,0.08
36711,101,0.05
36812,100,0.15
36915,102,0.16
37016,100,0.13
37118,101,0.14
37221,101,0.08
37322,100,0.11
37425,102,0.20
37526,100,0.17
37628,101,0.19
37731,102,0.19
37832,101,0.20
37935,102,0.17
38036,100,0.24
38138,101,0.23
38241,102,0.12
38342,101,0.13
38445,102,0.23
38546,100,0.13
38648,101,0.05
38750,101,0.09
38852,101,0.10
38955,102,0.07
39056,101,0.08
39158,101,0.14
39260,101,0.20
39362,101,0.14
39463,100,0.11
39566,102,0.18
39668,101,0.22
39770,101,0.13
39872,101,0.19
39973,100,0.27
40076,102,0.20
40178,101,0.14
40280,102,0.09
40382,101,0.20
40483,100,0.08
40586,102,0.11
40688,100,0.04
40790,102,0.10
40892,101,0.23
40993,100,0.21
41096,102,0.04
41197,100,0.04
41299,101,0.02
41402,102,0.09
41503,101,0.21
41606,102,0.20
41707,100,0.10
41809,101,0.03
41912,102,0.08
42013,101,0.09
42116,102,0.17
42217,100,0.01
42319,101,0.13
42421,101,0.20
42523,101,0.19
42626,102,0.14
42727,101,0.05
42829,101,0.24
42931,101,-0.40
43033,101,-0.81
43134,100,-1.75
43237,101,-4.61
43339,101,-3.94
43441,101,-4.57
43543,101,-0.02
43644,100,7.15
43747,102,13.20
43849,101,16.95
43951,101,19.38
44053,101,19.01
44154,100,19.64
44257,102,19.65
44358,100,19.11
44461,102,19.32
44563,101,19.51
44664,100,19.16
44767,102,19.06
44868,100,19.09
44971,102,19.03
45073,101,19.29
45174,100,19.03
45277,102,19.19
45378,100,19.21
45480,101,19.09
45582,101,19.15
45684,101,19.21
45787,102,19.27
45888,100,19.46
45990,101,19.85
46092,101,19.69
46194,101,18.95
46297,102,19.14
46398,100,19.07
46500,101,19.90
46602,101,19.56
46704,101,18.88
46806,101,19.40
46908,101,19.14
47010,101,19.21
47112,101,19.30
47214,101,19.05
47315,100,19.30
47418,102,19.06
47520,101,19.30
47622,102,19.11
47724,101,19.41
47825,100,19.18
47928,102,19.27
48029,100,19.21
48132,102,19.64
48234,101,19.58
48335,100,19.52
48438,102,18.78
48539,100,19.28
48642,102,18.90
48744,101,19.10
48845,101,18.97
48948,102,19.08
49049,100,19.11
49152,102,19.50
49253,100,18.77
49355,101,19.14
49458,102,19.21
49559,100,19.11
49661,101,19.09
49763,101,19.08
49865,101,19.22
49968,102,19.00
50069,100,19.18
50171,101,19.07
50273,101,19.07
50375,101,19.16
50477,101,19.13
50579,101,19.13
50681,101,19.03
50783,101,19.14
50885,101,19.24
50987,101,19.23
51089,101,19.03
51191,101,19.20
51293,101,18.97
51395,101,19.13
51496,100,19.00
51599,102,19.05
51700,100,18.99
51803,102,19.18
51905,101,19.18
52006,100,19.10
52109,102,19.08
52210,100,18.93
52313,102,19.20
52415,101,18.99
52516,100,19.02
52619,102,19.03
52720,100,19.12
52823,102,19.06
52924,100,19.16
53026,101,19.10
53129,102,19.20
53230,100,19.09
53332,101,19.05
53434,100,19.15
53536,101,19.22
53639,102,18.95
53740,100,19.03
53842,101,19.04
53944,101,19.18
54046,101,19.11
54148,101,19.08
54250,101,19.24
54352,101,19.94
54454,101,18.83
54556,101,18.54
54658,101,20.11
54760,101,18.45
54862,101,13.78
54964,102,12.28
55066,101,11.38
55168,101,11.55
55270,101,1.75
55371,100,1.13
55474,102,1.15
55576,101,-1.41
55677,100,-4.13
55780,102,0.15
55881,100,0.14
55984,102,0.23
56086,101,0.03
56187,101,0.13
56290,102,0.18
56391,100,0.22
56494,102,0.17
56595,100,0.27
56697,101,0.19
56800,102,0.23
56901,100,0.45
57004,102,0.30
57105,100,0.12
57207,101,0.32
57310,102,0.10
57411,101,0.21
57513,101,0.15
57615,100,0.32
57717,101,0.09
57819,101,0.24
57921,101,0.19
58023,101,0.19
58125,101,0.21
58227,101,0.17
58329,101,0.19
58431,101,0.28
58533,101,0.12
58635,102,0.13
58737,101,0.15
58839,101,0.25
58941,101,0.26
59042,100,0.32
59145,102,0.27
59247,101,0.32
59348,100,0.24
59451,101,0.34
59552,100,0.27
59655,102,0.25
59757,101,0.29
59858,101,0.26
59961,102,0.26
60062,100,0.02
60165,102,0.00
60267,101,-0.05
60368,101,-1.43
60471,102,-3.53
60572,100,-0.32
60675,102,-0.14
60776,100,-0.02
60878,101,-0.15
60981,102,-0.18
61082,100,-0.40
61185,102,0.05
61286,100,-0.89
61388,101,-0.32
61491,102,-3.44
61592,101,-5.70
61694,101,-6.43
61796,100,-5.15
61898,101,-3.85
62000,101,-0.27
62102,101,7.04
62204,101,12.10
62306,101,16.10
62408,101,18.62
62510,101,19.53
62612,101,18.82
62714,101,19.43
62816,101,19.32
62918,101,18.58
63020,101,18.59
63122,101,18.30
63223,100,18.61
63326,102,19.00
63428,101,19.80
63529,100,19.28
63632,101,19.24
63733,100,19.48
63836,102,19.08
63938,101,19.54
64039,100,19.48
64142,102,19.75
64243,100,19.80
64346,102,18.92
64448,101,19.04
64549,101,19.42
64652,102,18.64
64753,100,18.51
64856,102,18.74
64957,100,18.52
65059,101,18.63
65162,102,18.65
65263,100,18.78
65366,102,18.99
65467,100,18.42
65569,101,18.70
65672,102,18.75
65773,100,18.77
65875,101,18.66
65977,101,18.61
66079,101,18.68
66182,102,18.78
66283,101,18.79
66385,101,18.86
66487,101,18.82
66589,101,18.76
66691,101,18.73
66793,101,18.82
66895,101,18.70
66997,101,18.74
67099,101,18.80
67201,101,18.71
67303,101,18.64
67405,101,18.66
67507,101,18.62
67609,101,18.79
67710,100,18.80
67813,101,18.70
67915,101,18.64
68017,102,18.69
68119,101,18.73
68220,100,18.71
68323,102,18.71
68424,100,18.73
68527,102,18.75
68629,101,18.74
68730,100,18.72
68833,102,18.85
68934,100,18.62
69037,102,18.66
69139,101,18.72
69240,100,18.73
69343,102,18.71
69444,100,18.62
69547,102,18.67
69648,100,18.76
69750,101,18.68
69853,102,18.69
69954,100,18.61
70056,101,18.64
70158,101,18.63
70260,101,18.65
70363,102,18.77
70464,100,18.71
70566,101,18.80
70668,101,18.68
70770,101,18.73
70872,101,18.66
70974,101,18.61
71076,101,18.65
71178,101,18.68
71280,101,18.60
71382,101,18.73
71484,101,18.80
71586,101,18.70
71688,101,18.65
71790,101,18.72
71891,100,18.67
71994,102,18.66
72095,100,18.65
72198,102,18.57
72300,101,18.66
72401,100,18.70
72504,102,18.66
72605,100,18.63
72708,102,18.61
72810,101,18.54
72911,101,18.68
73014,102,18.66
73115,100,18.81
73218,102,18.65
73319,100,18.82
73421,101,18.69
73524,102,18.68
73625,100,18.70
73728,102,18.58
73829,100,18.66
73931,101,18.62
74034,102,18.69
74135,101,18.70
74237,101,18.62
74339,101,18.73
74441,101,18.65
74543,101,18.65
74645,101,18.70
74747,101,18.69
74849,101,18.64
74951,101,18.72
75053,101,18.61
75155,101,18.70
75257,101,18.60
75359,102,18.47
75461,101,18.65
75563,101,18.72
75665,101,18.72
75766,100,18.65
75869,102,18.52
75971,101,18.67
76072,100,18.68
76175,102,18.65
76276,100,18.60
76379,102,18.52
76481,101,18.65
76582,101,18.63
76685,102,18.71
76786,100,18.64
76889,102,18.67
76990,100,18.69
77092,101,18.77
77195,102,18.77
77296,100,18.73
77399,102,18.60
77500,100,18.62
77602,101,18.62
77705,102,18.65
77806,101,18.58
77908,101,18.57
78010,100,18.67
78112,101,18.63
78214,101,18.80
78316,101,18.63
78418,101,18.72
78520,101,18.58
78622,101,18.66
78724,101,18.66
78826,101,18.67
78928,101,18.65
79030,101,18.78
79132,101,18.68
79234,101,18.67
79336,101,18.62
79437,100,18.69
79540,102,18.60
79642,101,18.71
79744,101,18.75
79846,101,18.64
79947,100,18.61
80050,102,18.83
80152,101,18.64
80253,100,18.68
80356,102,18.75
80457,100,18.72
80560,102,18.73
80662,101,18.68
80763,101,18.75
80866,102,18.60
80967,100,18.63
81070,102,18.69
81171,100,18.65
81273,101,18.64
81376,102,18.56
81477,100,18.63
81580,102,18.75
81681,100,18.68
81783,101,18.64
81886,102,18.60
81987,100,18.62
82089,101,18.58
82191,100,18.65
82293,101,18.71
82395,101,18.65
82497,101,18.63
82599,101,18.68
82701,101,18.65
82803,101,18.63
82905,101,18.69
83007,101,18.78
83109,101,18.75
83211,101,18.68
83313,101,18.69
83415,101,18.62
83517,101,18.65
83618,100,18.67
83721,102,18.66
83823,101,18.50
83924,100,18.67
84027,101,18.70
84128,100,18.79
84231,102,18.68
84333,101,18.70
84434,100,18.77
84537,102,18.66
84638,100,18.58
84741,102,18.72
84842,100,18.73
84944,101,18.66
85047,102,18.77
85148,100,18.65
85251,102,18.82
85352,100,18.74
85454,101,18.61
85557,102,18.54
85658,100,18.60
85761,102,18.56
85862,100,18.84
85964,101,18.76
86067,102,18.90
86168,101,19.54
86270,101,19.35
86372,100,19.56
86474,101,19.08
86576,101,17.36
86678,101,16.33
86780,101,15.27
86882,101,15.19
86984,101,14.43
87086,101,13.17
87188,101,12.32
87290,101,10.01
87392,101,0.80
87494,101,0.96
87596,101,0.32
87698,101,0.19
87799,100,-0.25
87902,102,-1.54
88004,101,-0.77
88105,100,-0.79
88208,101,-1.00
88309,100,-0.12
88412,102,0.23
88514,101,0.38
88615,101,0.35
88718,102,0.38
88819,100,0.42
88922,102,0.27
89023,100,0.32
89125,101,0.30
89228,102,0.30
89329,100,0.45
89432,102,0.25
89533,100,0.30
89635,101,0.36
89738,102,0.38
89839,101,0.16
89942,102,0.38
90043,100,0.33
90145,101,0.32
90248,102,0.32
90349,101,0.36
90451,101,0.32
90553,101,0.22
90655,101,0.35
90757,101,0.39
90859,101,0.37
90961,101,0.23
91063,101,0.26
91165,101,0.25
91267,101,0.32
91369,101,0.20
91471,101,0.34
91573,102,0.33
91675,101,0.35
91777,101,0.25
91879,101,0.29
91980,100,0.24
92083,102,0.22
92185,101,0.32
92286,100,0.30
92389,101,0.23
92490,100,0.26
92593,102,0.32
92695,101,0.24
92796,101,0.22
92899,102,0.18
93000,100,0.29
93103,102,0.26
93204,100,0.14
93306,101,0.23
93409,102,0.23
93510,100,0.23
93613,102,-0.01
93714,100,-0.16
93816,101,-0.68
93919,102,-1.49
94020,101,-5.64
94123,102,-7.92
94224,100,-10.70
94326,101,-13.35
94428,101,-13.42
94530,101,-15.52
94632,101,-18.03
94734,101,-14.69
94836,101,-5.63
94938,101,7.85
95040,101,15.92
95142,101,18.82
95244,101,19.63
95346,101,18.53
95448,101,18.40
95550,101,18.87
95651,100,19.04
95754,102,18.93
95856,101,18.81
95958,101,19.95
96060,101,18.98
96161,100,19.11
96264,102,19.36
96366,101,19.34
96467,101,19.43
96570,102,19.41
96671,100,19.56
96774,102,19.54
96875,100,19.43
96977,101,19.56
97080,102,19.57
97181,100,19.53
97284,102,19.37
97385,100,19.46
97487,101,19.45
97590,102,19.35
97691,100,19.37
97794,102,19.33
97895,100,19.35
97997,101,19.44
98099,101,19.41
98201,101,19.38
98304,102,19.54
98405,100,19.35
98507,101,19.32
98609,101,19.33
98711,101,19.27
98813,101,19.29
98915,101,19.46
99017,101,19.25
99119,101,19.46
99221,101,19.31
99322,100,19.27
99425,102,19.24
99527,101,19.36
99629,101,19.36
99731,101,19.41
99832,100,19.36
99935,102,19.35
100037,101,19.44
100139,101,19.47
100241,101,19.49
100342,100,19.36
100445,102,19.35
100546,100,19.21
100648,101,19.48
100751,102,19.50
100852,100,19.38
100955,102,19.49
101056,100,19.20
101158,101,19.35
101261,102,19.31
101362,100,19.37
101465,102,19.39
101566,100,19.28
101668,101,19.43
101770,101,19.38
101872,101,19.28
101975,102,19.34
102076,100,19.36
102178,101,19.35
102280,101,19.29
102382,101,19.35
102484,101,19.36
102586,100,19.24
102688,101,19.25
102790,101,19.38
102892,101,19.41
102994,101,19.39
103096,101,19.34
103198,101,19.41
103300,101,19.38
103402,101,19.23
103503,100,19.37
103606,102,19.33
103708,101,19.29
103810,101,19.33
103912,101,19.45
104013,100,19.33
104116,102,19.32
104218,101,19.38
104320,101,19.28
104422,101,19.39
104523,100,19.39
104626,102,19.42
104727,100,19.35
104829,101,19.31
104932,102,19.39
105033,100,19.32
105136,102,19.36
105237,100,19.37
105339,101,19.29
105442,102,19.37
105543,100,19.41
105646,102,19.33
105747,100,19.29
105849,101,19.34
105952,102,19.36
106053,100,19.37
106156,102,19.46
106257,100,19.36
106359,101,19.24
106461,101,19.30
106563,101,19.39
106665,101,19.55
106767,100,19.31
106869,101,19.40
106971,101,19.47
107073,101,19.43
107175,101,19.49
107277,101,19.32
107379,101,19.56
107481,101,20.03
107583,101,19.79
107684,100,15.52
107787,102,13.46
107889,101,13.04
107991,101,11.18
108093,101,11.82
108194,100,11.65
108297,102,4.95
108399,101,0.16
108500,101,0.75
108603,101,2.25
108704,100,0.52
108807,102,-0.67
108908,100,0.05
109010,101,0.36
109113,102,0.27
109214,100,0.35
109317,102,0.24
109418,100,0.23
109520,101,0.44
109623,102,0.26
109724,100,0.26
109827,102,0.24
109928,100,0.38
110030,101,0.37
110133,102,0.33
110234,101,0.39
110337,102,0.30
110438,100,0.32
110540,101,0.42
110642,101,0.38
110744,101,0.22
110846,101,0.33
110948,100,0.38
111050,101,0.36
111152,101,0.23
111254,101,0.38
111356,101,0.22
111458,101,0.21
111560,101,0.28
111662,101,-0.07
111764,101,-0.18
111866,100,-0.15
111968,102,-0.15
112070,101,-0.16
112172,101,-0.68
112274,101,-1.23
112375,100,-3.54
112478,102,-5.73
112580,101,-9.24
112681,100,-11.41
112784,101,-13.88
112885,100,-15.13
112988,102,-9.62
113090,101,3.14
113191,101,13.70
113294,102,17.35
113395,100,18.06
113498,102,18.85
113599,100,18.42
113701,101,18.61
113804,102,20.72
113905,100,20.57
114008,102,19.51
114109,100,19.40
114211,101,18.95
114314,102,19.16
114415,100,18.91
114518,102,18.58
114619,100,18.45
114721,101,18.48
114823,101,18.89
114925,101,19.74
115027,101,19.08
115129,101,19.30
115231,101,19.32
115333,101,19.31
115435,101,19.30
115537,101,19.16
115639,101,19.36
115741,101,19.04
115843,101,19.48
115945,101,19.04
116047,101,19.32
116149,101,19.17
116251,101,19.17
116353,101,19.32
116455,101,19.19
116556,100,19.33
116659,102,19.16
116761,101,19.42
116862,100,19.10
116965,101,19.33
117066,100,19.17
117169,102,19.27
117271,101,19.28
117372,100,19.30
117475,102,19.18
117576,100,19.22
117679,102,19.20
117781,101,19.14
117882,100,19.31
117985,102,19.33
118086,100,19.28
118189,102,19.13
118290,100,19.29
118392,101,19.31
118495,102,19.26
118596,100,19.09
118699,102,19.21
118800,100,19.12
118902,101,19.33
119005,102,19.25
119106,100,19.26
119208,101,19.16
119310,101,19.36
119412,101,19.05
119514,101,19.25
119616,101,19.13
119718,101,19.31
119820,101,19.16
119922,101,19.28
120024,101,19.28
120126,101,19.19
120228,101,19.03
120330,101,19.15
120432,101,19.11
120534,101,19.23
120636,101,19.22
120738,101,19.22
120840,101,19.04
120942,101,19.21
121043,100,19.22
121146,102,19.20
121247,100,19.22
121350,102,19.20
121452,101,19.32
121553,100,19.16
121656,102,19.15
121757,100,19.22
121860,102,19.11
121962,101,19.25
122063,100,19.27
122166,102,19.18
122267,100,19.20
122370,102,19.13
122471,100,19.07
122573,101,19.13
122676,102,19.10
122777,100,19.31
122880,102,19.15
122981,100,19.25
123083,101,19.15
123186,102,19.32
123287,100,19.30
123389,101,19.18
123491,101,19.23
123593,101,19.23
123695,101,19.24
123797,100,19.13
123899,101,19.26
124001,101,19.18
124103,101,19.15
124205,101,19.30
124307,101,19.13
124409,101,19.19
124511,101,19.12
124613,101,19.30
124715,101,19.32
124817,101,19.35
124919,101,19.26
125021,101,19.18
125123,101,19.23
125224,100,19.19
125327,102,19.11
125428,100,19.13
125531,102,19.19
125633,101,19.22
125734,100,19.28
125837,102,19.27
125938,100,19.18
126041,102,19.23
126143,101,19.14
126244,100,19.18
126347,102,19.21
126448,100,19.22
126551,102,19.12
126652,100,19.33
126754,101,19.22
126857,102,19.22
126958,100,19.18
127060,101,19.19
127162,100,19.24
127264,101,19.23
127367,102,19.21
127468,100,19.22
127570,101,19.10
127672,101,19.23
127774,101,19.16
127876,101,19.15
127978,101,19.13
128080,101,19.88
128182,101,20.01
128284,101,19.14
128386,101,18.63
128488,101,19.98
128590,101,20.10
128692,101,18.01
128794,101,16.30
128896,101,15.48
128998,101,14.94
129099,100,15.97
129202,102,15.46
129304,101,1.50
129405,100,-0.32
129508,102,0.25
129609,100,0.08
129712,102,0.06
129814,101,0.00
129915,101,0.18
130018,102,0.15
130119,100,0.15
130222,102,0.25
130323,100,0.28
130425,101,0.18
130528,102,0.12
130629,100,0.16
130732,102,0.36
130833,100,0.31
130935,101,0.23
131038,102,0.30
131139,100,0.23
131241,101,0.11
131343,100,0.34
131445,101,0.19
131548,102,0.29
131649,101,0.18
131751,101,0.19
131853,101,0.23
131955,101,0.20
132057,101,0.13
132159,101,0.30
132261,101,0.06
132363,101,0.09
132465,101,0.11
132567,101,0.13
132669,101,0.26
132771,101,0.28
132873,101,0.37
132975,101,0.21
133076,100,0.21
133179,101,0.19
133281,101,0.21
133383,102,0.30
133485,101,0.21
133586,100,0.17
133689,102,-0.59
133790,100,0.25
133893,102,-0.26
133995,101,-4.74
134096,100,-6.30
134199,102,-1.61
134300,100,0.13
134403,102,-2.82
134505,101,-10.27
134606,100,-12.96
134709,102,-14.93
134810,100,-20.38
134913,102,-24.65
135014,100,-19.54
135116,101,-7.70
135219,102,4.76
135320,100,13.86
135422,101,16.73
135524,100,20.55
135626,101,18.27
135729,102,16.85
135830,100,17.57
135932,101,17.58
136034,101,18.46
136136,101,18.31
136238,101,18.36
136340,101,18.37
136442,101,18.56
136544,101,18.52
136646,101,18.54
136748,101,18.58
136850,101,18.76
136952,101,18.69
137054,101,18.53
137156,101,18.71
137257,100,18.64
137360,101,18.68
137461,100,18.51
137564,102,18.73
137666,101,18.55
137767,100,18.68
137870,102,18.58
137971,100,18.56
138074,102,18.56
138176,101,18.66
138277,100,18.51
138380,102,18.61
138481,100,18.42
138584,102,18.63
138685,100,18.61
138787,101,18.64
138890,102,18.63
138991,100,18.63
139094,102,18.57
139195,100,18.56
139297,101,18.66
139400,102,18.60
139501,100,18.62
139603,101,18.56
139705,101,18.56
139807,101,18.45
139909,101,18.53
140011,101,18.51
140113,101,18.58
140215,101,18.62
140317,101,18.60
140419,101,18.59
140521,101,18.66
140623,101,18.47
140725,101,18.62
140827,101,18.69
140929,101,18.65
141031,101,18.46
141132,100,18.68
141235,102,18.62
141337,101,18.53
141438,100,18.66
141541,101,18.50
141642,100,18.50
141745,102,18.60
141847,101,18.55
141948,100,18.53
142051,102,18.61
142152,100,18.59
142255,102,18.54
142356,100,18.57
142458,100,18.52
142561,102,18.64
142662,100,18.65
142765,102,18.63
142866,100,18.66
142968,101,18.60
143071,102,18.59
143172,100,18.62
143275,102,18.63
143376,100,18.51
143478,101,18.64
143581,101,18.53
143682,100,18.54
143784,101,18.67
143886,101,18.52
143988,101,18.57
144090,101,18.69
144192,101,18.67
144294,101,18.57
144396,101,18.51
144498,101,18.54
144600,101,18.64
144702,101,18.56
144803,100,18.60
144906,102,18.58
145008,101,18.65
145110,101,18.49
145212,101,18.47
145313,100,18.55
145416,102,18.50
145518,101,18.55
145619,100,18.59
145722,102,18.42
145823,100,18.58
145926,102,18.69
146028,101,18.50
146129,100,18.55
146232,102,18.61
146333,100,18.60
146436,102,18.57
146537,100,18.65
146639,101,18.53
146742,102,18.61
146843,100,18.62
146946,102,18.52
147047,100,18.54
147149,101,18.48
147252,102,18.52
147353,100,18.58
147456,102,18.60
147557,100,18.65
147659,101,18.54
147762,102,18.65
147863,100,18.51
147965,101,18.53
148067,101,18.50
148169,101,18.55
148271,101,18.61
148373,101,18.47
148475,101,18.61
148577,101,18.54
148679,101,18.63
148781,101,18.53
148883,101,18.67
148985,101,18.63
149087,101,18.77
149189,101,18.89
149291,101,18.74
149393,101,18.68
149494,100,18.66
149597,102,18.58
149699,101,18.73
149800,100,18.88
149903,102,18.69
150004,100,18.76
150107,102,18.85
150209,101,18.78
150310,100,18.65
150413,102,18.68
150514,100,18.74
150617,102,18.73
150718,100,18.82
150820,101,18.97
150923,102,19.11
151024,100,19.07
151127,102,18.80
151228,100,19.04
151330,101,19.67
151433,102,18.97
151534,100,18.72
151636,101,18.43
151738,100,17.60
151840,101,18.11
151942,101,19.05
152044,101,19.63
152146,101,20.00
152248,101,15.17
152350,101,2.29
152452,101,-0.82
152554,101,-2.80
152656,101,-5.95
152758,101,-4.01
152860,101,0.04
152962,101,-0.05
153064,101,0.02
153165,100,0.24
153268,102,0.03
153370,101,0.11
153472,101,0.19
153574,101,0.13
153675,100,0.26
153778,102,0.12
153880,101,0.14
153981,100,0.15
154084,102,0.14
154185,100,0.24
154288,102,0.10
154389,100,0.21
154491,101,0.21
154594,102,0.18
154695,100,0.18
154798,102,0.08
154899,100,0.19
155001,101,0.26
155104,102,0.21
155205,100,0.08
155308,102,0.13
155409,100,0.23
155511,101,0.18
155613,101,0.12
155715,101,0.22
155817,101,0.32
155919,100,0.21
156021,101,0.21
156123,101,-0.77
156225,101,-0.63
156327,101,0.20
156429,101,0.19
156531,101,0.18
156633,101,-1.12
156735,101,0.19
156837,101,-0.42
156939,102,0.21
157041,101,-0.09
157143,101,-0.18
157245,101,-0.25
157346,100,-0.50
157449,102,-0.48
157551,101,-0.10
157652,100,-1.28
157755,101,-1.99
157856,100,-3.64
157959,102,-6.20
158061,101,-8.80
158162,101,-12.49
158265,102,-16.55
158366,100,-20.26
158469,102,-17.82
158570,100,-7.12
158672,101,5.89
158775,102,13.15
158876,100,16.28
158979,102,16.41
159080,100,16.23
159182,101,16.17
159285,102,17.21
159386,100,18.24
159489,102,18.25
159590,100,18.24
159692,101,18.26
159794,101,18.24
159896,101,18.94
159998,101,19.39
160100,100,18.77
160202,101,19.17
160304,101,19.05
160406,101,19.14
160508,101,19.22
160610,101,18.88
160712,101,19.07
160814,101,19.11
160916,101,19.13
161018,101,18.93
161120,101,19.12
161222,101,18.94
161324,101,19.04
161426,101,19.03
161527,100,19.11
161630,102,18.91
161732,101,18.99
161833,100,18.91
161936,101,19.02
162037,100,18.99
162140,102,19.15
162242,101,19.01
162343,100,18.96
162446,102,19.05
162547,100,18.92
162650,102,18.84
162752,101,18.98
162853,100,18.96
162956,102,19.05
163057,100,18.99
163160,102,19.00
163261,100,19.05
163363,101,19.10
163466,102,18.97
163567,100,18.97
163670,102,18.97
163771,100,18.91
163873,101,18.99
163976,102,19.05
164077,100,18.94
164179,101,18.91
164281,101,19.06
164383,101,18.98
164486,102,19.04
164587,100,18.96
164689,101,19.00
164791,101,19.06
164893,101,19.03
164995,101,19.24
165097,101,19.75
165199,101,18.95
165301,101,18.35
165403,101,17.33
165505,101,14.96
165607,101,15.17
165709,101,14.23
165811,101,14.33
165913,101,16.13
166014,100,4.69
166117,101,0.64
166218,100,-4.64
166321,102,-5.31
166423,101,-5.91
166524,100,-0.84
166627,102,0.17
166728,100,0.01
166831,102,0.10
166933,101,0.02
167034,100,0.14
167137,102,0.20
167238,100,0.19
167341,102,0.02
167442,100,0.25
167544,101,0.20
167647,102,0.21
167748,100,0.19
167851,102,0.17
167952,100,0.11
168054,101,0.14
168157,102,0.16
168258,100,0.11
168360,101,0.17
168462,101,0.13
168564,101,0.09
168666,101,0.15
168768,101,0.03
168870,101,0.20
168972,101,0.18
169074,101,0.20
169176,101,0.19
169278,101,0.24
169380,101,0.10
169482,101,0.02
169584,101,-0.04
169686,101,-0.19
169788,101,-0.37
169890,101,0.31
169992,102,1.74
170094,101,0.68
170195,100,1.81
170298,102,1.34
170399,100,-0.30
170502,102,0.82
170604,101,1.46
170705,100,3.96
170808,102,6.94
170909,100,15.68
171012,102,11.92
171113,100,1.48
171215,101,-1.09
171318,102,-1.81
171419,100,2.89
171522,102,1.78
171623,100,10.65
171725,101,20.27
171828,102,29.54
171929,100,36.40
172032,102,40.10
172133,100,48.36
172235,101,66.50
172337,101,74.49
172439,101,81.04
172541,101,111.99
172643,101,129.79
172745,101,132.54
172847,101,132.90
172949,101,134.82
173051,101,137.76
173153,101,139.80
173255,101,145.18
173357,101,158.26
173459,101,169.42
173560,100,165.41
173663,101,157.32
173765,101,176.17
173867,101,185.04
173969,101,187.36
174070,100,191.18
174173,102,188.63
174275,101,183.03
174376,100,188.05
174479,102,199.18
174580,100,204.46
174683,102,207.69
174785,101,215.08
174886,100,220.50
174989,102,219.47
175090,100,221.73
175193,102,218.53
175294,100,212.87
175396,101,217.60
175499,102,217.99
175600,100,215.72
175703,102,210.23
175804,100,195.21
175906,101,136.51
176009,102,63.60
176110,100,20.72
176212,101,7.16
176314,100,2.43
176416,101,0.79
176518,101,2.72
176620,101,2.83
176722,101,2.97
176824,101,2.93
176926,101,2.70
177028,101,2.86
177130,101,2.78
177232,101,2.88
177334,102,2.90
177436,101,2.83
177538,101,2.87
177640,101,2.87
177741,100,2.76
177844,102,2.80
177946,101,2.76
178048,101,2.90
178150,101,2.75
178251,100,2.91
178354,102,2.72
178456,101,2.98
178557,100,2.87
178660,102,2.93
178761,100,2.80
178864,102,2.78
178965,100,2.79
179067,101,2.91
179170,102,2.84
179271,100,2.83
179374,102,2.81
179475,100,2.88
179577,101,2.73
179680,102,2.84
179781,100,2.85
179884,102,2.61
179985,100,2.77
180087,101,2.88
180189,101,2.89
180291,101,2.83
180393,101,2.81
180495,100,2.80
180597,101,2.92
180699,101,2.75
180801,101,2.84
180903,101,2.74
181005,101,2.81
181107,101,2.79
181209,101,2.89
181311,101,2.80
181412,100,2.86
181515,102,2.74
181617,101,2.68
181719,101,2.67
181821,101,2.90
181922,100,2.73
182025,102,2.72
182127,101,2.71
182228,100,2.68
182331,101,2.69
182432,100,2.67
182535,102,2.69
182636,100,2.74
182738,101,2.77
182841,102,2.85
182942,100,2.68
183045,102,2.81
