203,101,0.29
305,102,-0.01
407,101,-0.23
508,101,-1.31
611,102,-1.56
712,100,1.42
815,102,-2.23
916,100,-2.18
1018,101,-0.93
1120,101,0.00
1222,101,0.67
1325,102,0.83
1426,101,1.02
1528,101,3.30
1630,102,6.63
1732,101,11.26
1833,100,13.91
1936,101,15.41
2037,100,17.65
2140,102,19.37
2241,100,19.50
2343,101,18.36
2445,101,14.93
2547,101,8.81
2649,101,6.52
2751,101,10.58
2853,101,14.74
2955,102,14.24
3057,101,14.30
3159,101,12.62
3261,101,12.46
3362,100,13.75
3465,102,11.26
3566,100,8.19
3668,101,6.63
3770,100,6.68
3872,101,7.29
3974,101,5.79
4076,101,5.45
4177,100,4.50
4280,102,2.98
4382,101,1.90
4484,102,0.74
4586,101,-0.49
4687,101,0.81
4790,102,3.28
4891,100,3.00
4994,102,2.83
5095,100,2.28
5197,101,2.66
5299,101,1.53
5401,101,0.51
5502,100,0.94
5605,101,1.42
5706,100,-0.10
5809,102,-1.70
5911,101,-2.83
6012,101,-4.71
6115,102,-5.42
6216,101,-4.79
6319,102,-4.69
6420,100,-4.18
6522,101,-8.57
6624,101,-10.68
6726,101,-8.46
6828,101,-8.81
6930,101,-8.85
7031,100,-9.00
7134,102,-8.88
7236,101,-8.56
7337,101,-8.65
7440,101,-8.63
7541,101,-8.63
7644,102,-8.37
7745,100,-8.85
7847,101,-9.12
7949,101,-8.80
8051,101,-8.71
8153,101,-9.29
8255,101,-9.07
8356,100,-8.52
8459,102,-9.01
8561,101,-8.92
8663,102,-8.08
8765,101,-7.71
8866,101,-7.56
8969,102,-7.67
9070,100,-7.49
9172,101,-6.78
9274,100,-6.77
9376,101,-7.23
9478,101,-6.90
9580,101,-6.69
9681,100,-6.74
9784,102,-6.74
9885,100,-6.54
9988,102,-6.35
10090,101,-6.48
10191,101,-6.02
10294,102,-5.62
10395,100,-5.30
10498,102,-5.26
10599,100,-4.86
10701,101,-4.85
10803,101,-5.12
10905,101,-5.05
11006,100,-4.89
11109,101,-4.92
11210,100,-4.77
11313,102,-4.74
11414,100,-4.44
11516,101,-3.90
11619,102,-3.62
11720,101,-3.56
11823,102,-3.46
11924,100,-3.43
12026,101,-3.33
12128,101,-3.35
12230,101,-3.44
12332,101,-3.51
12434,101,-3.72
12535,100,-3.79
12638,102,-3.58
12739,100,-3.55
12841,101,-3.50
12944,101,-3.71
13045,101,-3.74
13148,102,-3.61
13249,100,-3.85
13351,101,-3.70
13453,101,-3.60
13555,101,-3.61
13657,101,-3.92
13759,101,-3.82
13860,100,-4.13
13963,102,-4.31
14064,100,-4.10
14167,102,-4.46
14269,101,-5.40
14370,101,-6.39
14473,102,-4.64
14574,100,-3.66
14676,101,-4.81
14778,100,-6.15
14880,101,-6.96
14982,101,-7.65
15084,101,-7.56
15185,100,-6.67
15288,102,-7.00
15389,100,-7.79
15492,102,-7.20
15594,101,-6.05
15695,101,-4.84
15798,102,-5.16
15899,101,-5.53
16002,102,-5.30
16103,100,-6.78
16205,101,-8.34
16307,101,-9.47
16409,101,-9.87
16510,100,-9.39
16613,101,-7.12
16714,100,-6.30
16817,102,-4.51
16918,100,-4.01
17020,101,-7.32
17123,102,-9.13
17224,101,-7.27
17327,102,-5.64
17428,100,-5.65
17530,101,-5.63
17632,101,-5.10
17734,101,-4.65
17836,101,-5.09
17938,101,-5.69
18039,100,-7.93
18142,102,-9.51
18243,100,-11.21
18345,101,-13.03
18447,100,-13.39
18549,101,-13.45
18652,102,-14.63
18753,100,-13.93
18855,101,-10.07
18957,101,-7.45
19059,101,-7.05
19161,101,-7.57
19263,101,-7.07
19364,100,-7.17
19467,102,-7.54
19568,100,-9.70
19671,102,-11.89
19772,100,-12.98
19874,101,-15.36
19977,102,-14.81
20078,101,-13.66
20180,101,-14.63
20282,100,-13.43
20384,101,-8.24
20486,101,-6.13
20588,101,-6.23
20689,100,-7.18
20792,102,-7.04
20893,100,-7.68
20996,102,-8.32
21097,100,-8.71
21199,101,-10.25
21301,101,-11.93
21403,101,-12.82
21506,102,-13.59
21607,100,-13.63
21709,101,-13.50
21811,101,-11.72
21913,101,-12.24
22014,100,-13.25
22117,101,-11.27
22218,100,-8.21
22321,102,-7.69
22422,100,-8.77
22524,101,-8.14
22626,101,-8.11
22728,101,-8.83
22830,101,-9.38
22932,101,-10.59
23034,101,-12.22
23136,101,-12.55
23238,101,-13.06
23340,101,-11.88
23442,101,-13.25
23543,100,-12.27
23646,102,-13.71
23747,100,-14.15
23849,101,-10.08
23951,100,-7.41
24053,101,-7.21
24155,101,-8.48
24257,101,-7.67
24359,101,-7.37
24461,102,-8.28
24563,101,-9.31
24665,102,-9.80
24767,101,-11.14
24868,100,-11.55
24971,102,-12.54
25072,100,-11.16
25175,102,-12.18
25276,100,-12.61
25378,101,-11.72
25480,101,-12.91
25582,101,-11.09
25683,100,-7.62
25786,102,-7.40
25888,101,-7.51
25990,102,-7.60
26092,101,-7.37
26193,100,-7.38
26296,102,-8.14
26397,100,-9.12
26500,102,-10.83
26601,100,-11.56
26703,101,-12.39
26805,101,-11.36
26907,101,-12.32
27009,101,-13.52
27111,101,-11.44
27212,100,-11.86
27315,102,-9.67
27417,101,-7.26
27518,101,-7.11
27621,101,-6.54
27722,101,-6.08
27825,102,-6.85
27926,100,-8.00
28028,101,-9.20
28130,101,-10.49
28232,101,-11.40
28334,101,-11.80
28436,101,-11.17
28537,100,-11.56
28640,102,-11.93
28741,100,-12.12
28844,102,-12.57
28945,100,-10.70
29047,101,-7.45
29150,102,-6.20
29251,101,-6.26
29353,101,-6.44
29455,100,-6.24
29557,101,-7.71
29659,101,-8.70
29761,101,-10.22
29862,100,-11.17
29965,102,-11.78
30066,100,-11.44
30169,102,-12.08
30270,100,-12.47
30372,101,-9.42
30474,101,-8.15
30576,101,-9.26
30679,102,-10.36
30780,100,-7.54
30882,101,-6.51
30984,101,-6.46
31086,101,-6.52
31187,100,-6.46
31290,102,-7.69
31391,100,-8.26
31494,102,-8.21
31595,100,-8.80
31697,101,-9.57
31799,101,-10.36
31901,101,-10.81
32003,101,-10.27
32105,101,-10.25
32207,101,-10.24
32309,102,-9.80
32411,101,-9.01
32513,102,-9.76
32615,101,1.93
32716,100,-6.19
32819,102,-6.78
32920,100,-8.38
33022,101,-9.45
33124,100,-9.55
33226,101,-10.00
33328,101,-9.81
33430,101,-8.63
33531,100,-8.93
33634,102,-7.99
33736,101,-6.69
33838,102,-7.57
33940,101,-9.00
34041,100,-9.38
34144,102,-8.70
34245,100,-10.86
34348,102,-11.79
34449,100,-11.87
34551,101,-11.75
34653,101,-11.22
34755,101,-10.62
34856,100,-9.86
34959,102,-10.56
35060,100,-9.20
35163,102,-2.21
35265,101,-3.22
35366,101,-2.48
35469,102,-2.62
35570,100,-2.49
35673,102,-3.66
35774,100,-4.78
35876,101,-6.20
35978,101,-5.20
36080,101,-6.49
36182,101,-7.77
36284,101,-6.14
36385,100,-4.82
36488,102,-3.95
36589,100,-4.49
36691,101,-2.84
36794,102,-4.33
36895,101,-5.53
36998,102,-6.67
37099,101,-7.65
37201,101,-7.11
37303,101,-7.76
37405,101,-8.78
37507,101,-10.39
37609,101,-12.01
37710,100,-13.14
37813,102,-15.49
37914,100,-19.13
38017,102,-20.16
38118,100,-20.98
38220,101,-21.13
38323,101,-21.59
38424,101,-23.09
38526,101,-24.71
38628,100,-23.86
38730,101,-23.33
38832,101,-23.66
38934,101,-21.90
39035,100,-20.31
39138,102,-19.02
39239,100,-15.99
39342,102,-18.24
39443,100,-16.01
39545,101,-10.63
39647,101,-8.17
39749,101,-7.57
39851,101,2.03
39953,101,4.80
40055,101,5.41
40157,102,3.17
40259,101,2.50
40360,100,3.49
40463,102,3.20
40564,100,3.45
40667,102,3.11
40768,100,2.40
40870,101,3.89
40972,101,3.98
41074,101,0.25
41176,101,0.73
41278,101,3.21
41379,100,3.23
41482,102,2.76
41584,101,2.70
41686,102,2.81
41788,101,2.79
41889,100,2.38
41992,102,3.31
42093,100,4.92
42195,101,2.84
42297,101,2.82
42399,101,4.62
42501,101,5.83
42603,101,4.79
42704,100,5.49
42807,102,3.50
42908,100,3.63
43011,102,3.20
43113,101,3.72
43214,101,3.29
43317,102,4.10
43418,101,4.26
43521,102,4.30
43622,100,3.88
43724,101,3.23
43826,101,3.26
43928,101,3.46
44029,100,3.40
44132,102,3.59
44233,100,3.40
44336,102,3.50
44437,100,3.96
44539,101,3.80
44641,101,3.90
44743,101,3.81
44846,102,3.33
44947,101,3.09
45049,101,3.34
45151,102,3.87
45253,101,4.12
45355,101,3.71
45457,101,3.20
45558,100,3.13
45661,102,3.25
45762,100,3.28
45864,101,3.69
45966,101,3.58
46068,101,3.66
46170,101,3.95
46272,101,3.73
46373,100,3.54
46476,102,3.67
46578,101,3.83
46680,102,3.61
46782,101,3.36
46883,100,3.24
46986,102,3.31
47087,100,3.42
47190,102,3.40
47291,100,3.38
47393,101,3.51
47495,101,3.89
47597,101,3.45
47698,100,2.22
47801,102,0.82
47902,100,0.46
48005,102,2.11
48107,101,-0.78
48208,101,-3.66
48311,102,0.63
48412,100,5.32
48515,102,-0.87
48616,100,-2.62
48718,101,0.23
48820,101,0.54
48922,101,2.44
49024,101,7.09
49126,101,5.37
49227,100,10.64
49330,102,7.06
49431,100,8.09
49533,101,9.49
49636,102,8.66
49737,101,7.65
49840,102,7.27
49941,100,8.33
50043,101,5.41
50145,101,5.46
50247,101,4.55
50349,101,4.64
50451,101,2.28
50552,100,-4.16
50655,102,-8.13
50756,100,-6.63
50859,102,-5.93
50960,100,-5.19
51062,101,-6.25
51165,102,-5.51
51266,101,-5.32
51368,101,-4.87
51470,102,-6.24
51572,101,-7.42
51674,101,-7.43
51776,101,-6.99
51877,100,-6.14
51980,102,-4.79
52081,100,-1.66
52184,102,-0.12
52285,100,-1.17
52387,101,-1.20
52489,101,-1.44
52591,101,-1.21
52692,100,-1.21
52795,101,-2.31
52897,101,-3.20
52999,102,-3.36
53101,101,-4.73
53202,100,-8.38
53305,102,-8.11
53406,100,-7.53
53509,102,-7.29
53610,100,-7.80
53712,101,-7.59
53814,101,-6.33
53916,101,-12.79
54018,101,-11.05
54120,101,-9.76
54221,100,-9.29
54324,102,-9.00
54426,101,-8.97
54528,102,-8.53
54630,101,-8.55
54731,101,-8.75
54834,102,-8.60
54935,100,-8.44
55037,101,-8.18
55139,101,-8.13
55241,101,-7.79
55343,101,-7.78
55445,101,-7.25
55546,100,-7.23
55649,102,-6.63
55750,100,-6.95
55853,102,-6.56
55954,100,-6.09
56056,101,-6.14
56159,102,-6.02
56260,101,-6.13
56363,102,-6.30
56464,101,-6.55
56566,101,-6.71
56668,101,-6.91
56770,101,-6.74
56871,100,-6.63
56974,102,-6.56
57075,100,-6.56
57178,102,-6.61
57279,100,-6.58
57381,101,-6.17
57483,101,-5.70
57585,101,-5.80
57687,101,-5.06
57789,101,-5.01
57891,101,-5.84
57993,102,-7.03
58095,101,-7.46
58196,100,-8.10
58299,101,-8.61
58400,100,-7.29
58503,102,-8.10
58604,100,-7.55
58706,101,-6.18
58808,101,-6.57
58910,101,-5.78
59012,101,-6.13
59114,101,-4.30
59215,100,-5.98
59318,102,-6.56
59420,101,-6.50
59522,102,-5.42
59624,101,-4.36
59725,100,-4.33
59828,102,-3.11
59929,100,-5.21
60032,102,-8.99
60133,100,-5.67
60235,101,-3.05
60337,101,-1.71
60439,101,-2.05
60540,100,-2.61
60643,102,-2.02
60744,100,-3.51
60847,102,-4.49
60948,100,-5.08
61050,101,-6.40
61153,102,-7.11
61254,101,-7.36
61357,102,-6.43
61458,100,-7.10
61560,101,-11.36
61662,101,-14.62
61764,101,-11.90
61865,100,-7.14
61968,101,-4.94
62069,100,-3.90
62172,102,-4.11
62273,100,-3.56
62375,101,-4.52
62477,101,-5.66
62579,101,-7.21
62682,102,-7.18
62783,101,-7.92
62885,101,-8.60
62987,101,-8.00
63089,101,-8.51
63191,101,-11.64
63293,101,-12.60
63394,100,-14.15
63497,102,-11.51
63598,100,-7.13
63700,101,-5.28
63802,100,-5.08
63904,101,-4.36
64006,101,-5.17
64108,101,-5.91
64210,101,-7.40
64312,102,-9.11
64414,101,-9.89
64516,101,-10.95
64618,101,-11.18
64719,100,-6.89
64822,102,-8.59
64923,100,-11.25
65026,102,-11.93
65127,100,-7.55
65229,101,-5.30
65331,101,-4.49
65433,101,-4.96
65534,100,-4.77
65637,101,-4.65
65739,101,-8.03
65841,102,-10.63
65943,101,-11.23
66044,100,-11.08
66147,102,-11.03
66248,100,-9.20
66351,102,-9.06
66452,100,-5.37
66554,101,-8.50
66656,101,-3.51
66758,101,-3.19
66860,101,-2.57
66962,101,-3.12
67063,100,-4.65
67166,102,-6.06
67268,101,-5.35
67369,101,-7.93
67472,101,-9.71
67573,100,-9.52
67676,102,-8.97
67777,100,-9.70
67879,101,-9.61
67981,101,-10.70
68083,101,-9.65
68185,101,-9.32
68287,101,-6.56
68388,100,-4.66
68491,102,-3.95
68592,100,-4.15
68695,102,-5.12
68796,100,-5.32
68898,101,-7.16
69001,102,-9.25
69102,101,-10.58
69204,101,-9.75
69306,100,-9.28
69408,101,-10.22
69510,101,-9.27
69612,101,-10.14
69713,100,-10.46
69816,102,-7.63
69917,100,-6.24
70020,102,-5.63
70121,100,-5.49
70223,101,-5.32
70325,101,-5.32
70427,101,-5.65
70529,101,-3.79
70631,101,-5.41
70733,101,-8.09
70835,102,-8.64
70937,101,-8.52
71038,100,-7.84
71141,101,-8.92
71242,100,-9.03
71345,102,-10.08
71446,100,-9.11
71548,101,-5.66
71650,101,-4.47
71752,101,-3.77
71854,101,-3.83
71956,101,-4.62
72057,100,-4.64
72160,102,-5.22
72261,100,-7.55
72364,102,-8.72
72466,101,-8.77
72567,101,-9.51
72670,102,-9.92
72771,100,-7.87
72873,101,-7.18
72975,100,-8.11
73077,101,-8.72
73179,101,-7.13
73281,101,-6.32
73382,100,-5.08
73485,102,-4.87
73586,100,-4.88
73689,102,-4.15
73790,100,-5.25
73892,101,-6.05
73994,101,-6.87
74096,101,-6.83
74198,101,-8.30
74300,101,-7.67
74402,101,-7.37
74504,102,-7.26
74606,101,-8.55
74707,100,-9.50
74810,102,-9.19
74911,100,-6.56
75014,102,-5.31
75115,100,-4.22
75217,101,-4.01
75319,101,-4.30
75421,101,-3.25
75523,101,-5.84
75625,101,-2.97
75726,100,-3.56
75829,102,-2.29
75930,100,-3.82
76033,102,-6.24
76134,100,-8.22
76236,101,-4.47
76339,102,-8.07
76440,101,-7.40
76542,101,-11.68
76644,100,-9.60
76746,101,-8.26
76848,101,-8.78
76950,101,-11.52
77051,100,-13.12
77154,102,-16.25
77255,100,-19.56
77358,102,-21.59
77459,100,-22.25
77561,101,-19.24
77663,101,-20.51
77765,101,-19.60
77867,101,-14.73
77969,101,-8.52
78070,100,-4.89
78173,102,-4.24
78275,101,-4.77
78376,101,-4.28
78479,102,-4.60
78580,101,-4.72
78683,102,-4.68
78784,100,-4.98
78886,101,-7.34
78988,101,-5.41
79090,101,-5.73
79192,101,-6.88
79294,101,-5.62
79395,100,-6.40
79498,102,-4.87
79599,100,-5.63
79702,102,-5.47
79803,100,-4.79
79905,101,-5.81
80007,101,-4.50
80109,101,-5.81
80210,100,-5.01
80313,102,-5.69
80415,101,-4.87
80517,102,-5.20
80619,101,-3.25
80720,101,-3.93
80823,102,-3.12
80924,100,-5.94
81027,102,-0.79
81128,100,-3.68
81230,101,-2.15
81332,101,-1.91
81434,101,0.40
81536,101,1.93
81638,101,-0.23
81739,100,0.56
81842,102,4.10
81943,100,2.35
82045,101,2.94
82147,101,3.27
82249,101,2.21
82352,102,-3.42
82453,101,-9.57
82555,101,-10.25
82657,101,-10.27
82759,101,-6.35
82861,101,-4.03
82963,101,-3.86
83064,100,-4.77
83167,102,-4.63
83268,100,-6.60
83371,102,-5.93
83472,100,0.54
83574,101,-3.07
83676,101,-0.54
83778,101,-4.83
83879,100,-4.42
83982,102,-3.68
84083,100,-4.91
84186,102,-5.41
84288,101,-4.96
84389,101,-3.95
84492,102,-4.58
84593,101,-5.01
84696,102,-4.61
84797,100,-4.19
84899,101,-4.57
85001,101,-3.74
85103,101,-3.58
85204,100,-3.44
85307,101,-2.87
85408,100,-5.02
85511,102,-4.92
85612,100,-4.33
85714,101,-3.60
85816,101,-3.93
85918,101,-3.83
86021,102,-3.99
86122,101,-3.73
86224,101,-4.75
86326,102,-4.89
86428,101,-4.89
86530,101,-5.65
86632,101,-5.12
86733,100,-5.62
86836,102,-6.56
86937,100,-7.11
87040,102,-7.14
87141,100,-4.90
87243,101,-2.51
87345,101,0.75
87447,101,3.94
87548,100,4.99
87651,102,7.65
87752,100,7.75
87855,102,7.59
87957,101,8.24
88058,101,6.36
88161,102,4.79
88262,101,3.51
88365,102,1.43
88466,100,-1.42
88568,101,-1.67
88670,101,0.74
88772,101,-1.57
88873,100,-6.94
88976,101,-5.17
89077,100,-5.78
89180,102,-11.10
89281,100,-9.06
89383,101,-7.57
89485,101,-6.61
89587,101,-10.25
89690,102,-14.69
89791,101,-4.57
89893,101,-6.07
89995,102,-2.49
90097,101,-1.56
90199,101,-8.09
90301,101,-7.89
90402,100,-6.82
90505,102,-5.51
90606,100,-6.95
90708,101,-5.62
90810,100,-4.02
90912,101,-0.96
91014,101,-1.51
91116,101,-2.60
91217,100,-0.27
91320,102,-3.56
91421,100,-2.60
91524,102,-2.98
91626,101,-3.11
91727,101,-3.12
91830,102,-2.91
91931,101,-2.76
92034,102,-3.09
92135,100,-3.32
92237,101,-3.37
92339,101,-3.37
92441,101,-3.91
92542,100,-4.38
92645,101,-4.35
92746,100,-4.33
92849,102,-4.53
92950,100,-4.92
93052,101,-4.98
93154,101,-4.79
93256,101,-4.94
93358,101,-5.15
93460,101,-4.98
93562,100,-5.09
93664,102,-5.06
93766,101,-5.06
93868,102,-5.11
93970,101,-4.93
94071,100,-4.86
94174,102,-4.83
94275,100,-4.63
94377,101,-4.69
94479,100,-4.51
94581,101,-4.36
94683,101,-4.29
94785,101,-4.32
94886,100,-4.00
94989,102,-3.85
95090,100,-3.64
95193,102,-3.36
95294,100,-3.32
95396,101,-2.96
95498,101,-2.28
95600,101,-2.40
95703,102,-3.11
95804,101,-2.77
95906,101,-3.51
96008,102,-3.41
96110,101,-4.52
96211,100,-4.14
96314,102,-4.08
96415,100,-4.05
96518,102,-3.42
96619,100,-3.52
96721,101,-2.98
96823,101,-2.29
96925,101,-0.57
97027,101,-0.20
97129,101,-1.66
97230,100,-2.19
97333,102,-2.75
97434,100,-4.79
97537,102,-5.44
97638,100,-5.73
97740,101,-6.53
97843,102,-7.52
97944,101,-8.43
98046,101,-3.77
98148,100,0.78
98250,101,2.73
98352,101,2.22
98454,101,1.95
98555,100,2.34
98658,102,1.98
98759,100,1.34
98862,102,1.16
98963,100,-0.88
99065,101,-2.22
99167,101,-4.29
99269,101,-4.84
99371,101,-5.50
99473,101,-1.93
99574,100,4.68
99677,102,-14.31
99779,101,-15.94
99880,101,-15.81
99983,102,-15.23
100084,100,-16.34
100187,102,-19.03
100288,100,-20.91
100390,101,-21.66
100492,101,-21.01
100594,101,-20.50
100696,101,-20.91
100798,101,-21.81
100899,100,-23.18
101002,102,-23.10
101103,100,-22.44
101206,102,-23.12
101307,100,-22.09
101409,101,-19.98
101511,101,-16.07
101613,101,-15.62
101714,100,-16.14
101817,101,-17.00
101919,101,-18.37
102021,101,-19.53
102123,101,-19.72
102224,100,-19.23
102327,102,-20.30
102428,100,-21.33
102531,102,-21.75
102632,100,-21.74
102734,101,-20.58
102836,101,-17.93
102938,101,-15.75
103040,101,-14.22
103142,101,-12.61
103243,100,-12.61
103346,102,-13.73
103447,100,-14.07
103549,101,-15.33
103652,102,-16.82
103753,100,-17.25
103856,102,-16.43
103957,100,-18.13
104059,101,-19.46
104161,101,-19.14
104263,101,-16.57
104365,101,-14.02
104467,101,-10.42
104568,100,-9.80
104671,102,-7.93
104772,100,-7.63
104875,102,-8.08
104976,100,-8.51
105078,101,-10.39
105180,101,-12.47
105282,101,-13.03
105383,100,-13.15
105486,101,-13.87
105588,101,-14.93
105690,101,-14.70
105792,101,-13.55
105893,100,-17.09
105996,102,-4.74
106097,100,-6.27
106200,102,-3.99
106301,100,-5.84
106403,101,-6.88
106505,101,-9.33
106607,101,-10.39
106708,100,-11.84
106811,101,-11.87
106912,100,-13.29
107015,102,-14.11
107116,100,-15.76
107218,101,-16.35
107321,102,-19.92
107422,100,-17.34
107525,102,-14.42
107626,100,-11.32
107728,101,-9.98
107830,101,-9.81
107932,101,-11.10
108034,101,-12.30
108136,101,-14.29
108237,100,-16.08
108340,102,-16.86
108441,100,-18.27
108544,102,-20.32
108645,100,-20.64
108747,101,-19.91
108849,101,-19.99
108951,101,-18.59
109052,100,-20.38
109155,102,-19.30
109257,101,-15.03
109359,101,-13.33
109461,101,-12.50
109562,100,-13.09
109665,102,-12.73
109766,100,-14.03
109869,102,-14.95
109970,100,-16.06
110072,101,-17.06
110174,101,-17.70
110276,101,-20.22
110377,100,-18.73
110480,101,-20.55
110581,100,-21.07
110684,102,-18.98
110785,100,-14.86
110887,101,-12.37
110989,101,-11.12
111091,101,-12.41
111193,101,-12.33
111295,101,-12.55
111397,101,-13.36
111499,101,-14.22
111601,101,-14.76
111703,101,-16.81
111805,101,-17.69
111906,100,-17.31
112009,102,-16.52
112110,100,-18.07
112212,101,8.96
112314,100,4.93
112416,101,3.12
112518,101,1.92
112620,101,2.96
112721,100,1.94
112824,102,0.72
112925,100,-1.90
113028,102,-4.90
113129,100,-6.82
113231,101,-6.28
113333,101,-5.62
113435,101,-4.13
113538,102,-3.51
113639,101,-4.03
113741,101,-3.99
113843,101,-3.08
113945,101,-7.04
114046,100,-6.83
114149,101,-5.87
114250,100,-5.06
114353,102,-6.01
114454,100,-5.28
114556,101,-5.51
114658,101,-7.04
114760,101,-9.06
114862,101,-4.95
114964,101,-7.39
115065,100,-6.58
115168,102,-5.94
115269,100,-5.37
115372,102,-5.07
115473,100,-4.73
115575,101,-4.23
115678,102,-2.50
115779,101,-5.78
115881,101,-8.89
115983,100,-5.67
116085,101,-3.00
116187,101,-3.63
116289,101,-5.06
116390,100,-6.89
116493,102,-7.86
116594,100,-10.91
116697,102,-11.61
116798,100,-12.65
116900,101,-19.63
117002,101,-11.07
117104,101,-9.87
117206,101,-19.19
117308,101,-20.37
117409,100,-15.97
117512,102,-17.53
117613,100,-19.39
117715,101,-16.26
117818,102,-15.18
117919,100,-14.19
118022,102,-14.59
118123,100,-16.90
118225,101,-15.62
118327,101,-16.95
118429,101,-17.81
118531,101,-13.80
118633,101,-3.91
118734,100,-0.98
118837,102,1.41
118938,100,-1.16
119041,102,-1.03
119142,100,0.88
119244,101,2.86
119346,101,2.27
119448,101,-0.93
119549,100,-0.62
119652,102,-1.69
119753,100,-1.72
119856,102,-2.12
119957,100,-2.76
120059,101,-1.88
120162,102,-0.44
120263,101,0.76
120366,102,-0.34
120467,100,-0.01
120569,101,2.80
120671,101,1.57
120773,101,-0.39
120875,101,-1.81
120977,101,-1.67
121078,100,0.65
121181,102,-1.08
121282,100,-0.79
121384,101,-2.03
121486,101,-0.58
121588,101,0.95
121690,101,1.79
121792,101,3.03
121893,100,3.68
121996,102,4.72
122097,100,3.75
122200,102,3.86
122301,100,6.06
122403,101,6.34
122506,102,3.48
122607,101,3.32
122710,102,3.44
122811,100,3.04
122913,101,2.67
123015,101,2.30
123117,101,2.23
123218,100,2.04
123321,102,2.23
123422,100,1.47
123525,102,0.89
123626,100,1.50
123728,101,1.80
123830,101,0.37
123932,101,-0.17
124034,101,0.27
124136,101,-2.47
124237,100,-5.09
124340,102,-6.28
124441,100,-6.50
124544,102,-3.00
124645,100,-1.80
124747,101,-2.42
124850,102,-1.62
124951,100,-0.55
125053,101,-0.90
125155,101,-0.39
125257,101,-0.32
125359,101,0.08
125461,101,-0.08
125562,100,-0.02
125665,102,-0.14
125766,100,0.26
125869,102,0.37
125970,100,1.43
126072,101,3.58
126174,101,5.35
126276,101,3.61
126377,100,2.56
126480,101,1.68
126581,100,-1.77
126684,102,-3.44
126786,101,-3.33
126887,101,-2.54
126990,102,-1.83
127091,100,-0.95
127194,102,3.08
127295,100,-0.30
127397,101,3.28
127499,101,7.49
127601,101,3.34
127703,101,6.37
127805,101,4.00
127906,100,5.80
128009,102,5.45
128110,100,3.35
128212,101,4.33
128314,100,3.17
128416,101,3.87
128518,101,4.02
128620,101,1.80
128721,100,0.14
128824,102,0.41
128926,101,0.22
129028,102,0.96
129130,101,0.97
129231,100,0.58
129334,102,0.00
129435,100,0.15
129538,102,-0.85
129639,100,3.06
129741,101,3.52
129843,101,-3.47
129945,101,7.66
130046,100,5.11
130149,101,5.13
130250,100,4.98
130353,102,4.89
130454,100,6.66
130556,101,5.80
130658,101,5.63
130760,101,-0.79
130862,101,0.51
130964,101,0.64
131066,101,-1.48
131168,102,0.85
131270,101,-0.51
131372,101,-0.32
131474,101,0.72
131575,100,0.04
131678,102,0.00
131779,100,0.28
131881,101,0.38
131983,100,0.56
132085,101,0.72
132187,101,0.60
132289,101,0.23
132390,100,0.07
132493,102,0.46
132594,100,-0.07
132697,102,0.22
132798,100,0.11
132900,101,0.16
133002,101,-0.13
133104,101,0.31
133206,101,0.02
133308,101,0.10
133409,100,0.13
133512,102,0.28
133614,101,0.02
133715,101,-0.17
133818,102,0.12
133919,101,-0.09
134022,102,-0.09
134123,100,0.07
134225,101,-0.01
134327,101,-0.13
134429,101,0.24
134531,101,0.01
134633,101,0.37
134734,100,0.54
134837,102,0.70
134938,100,0.70
135041,102,1.04
135142,100,0.97
135244,101,0.54
135346,101,0.99
135448,101,0.60
135549,100,0.76
135652,102,0.80
135753,100,0.85
135856,102,0.80
135957,100,1.19
136059,101,0.80
136162,102,1.70
136263,101,2.79
136366,102,2.65
136467,101,1.74
136569,101,1.06
136671,101,-1.25
136773,101,-4.49
136875,101,-0.66
136977,101,2.18
137078,100,0.58
137181,102,-1.94
137282,100,-1.46
137384,101,0.18
137486,101,3.64
137588,101,2.78
137690,101,5.04
137792,101,5.74
137893,100,7.54
137996,102,6.02
138097,100,0.58
138200,102,0.23
138301,100,-1.74
138403,101,-5.20
138505,101,-11.09
138607,101,-9.05
138708,100,7.01
138811,101,6.39
138913,101,7.54
139015,102,8.70
139117,101,8.64
139218,100,9.34
139321,102,9.56
139422,100,7.14
139525,102,3.65
139626,100,-1.61
139728,101,-4.65
139830,101,-5.24
139932,101,-10.21
140034,101,-2.65
140136,101,6.11
140237,100,6.16
140340,102,5.11
140441,100,8.41
140544,102,8.77
140645,100,9.25
140747,101,11.21
140849,101,10.18
140951,101,7.41
141052,100,2.51
141155,102,-0.02
141256,100,-2.71
141359,102,-3.42
141461,101,-4.46
141562,100,-10.23
141665,102,0.39
141766,100,2.02
141869,102,6.57
141970,100,7.04
142072,101,7.76
142174,101,10.70
142276,101,9.09
142377,100,10.11
142480,101,5.96
142581,100,4.24
142684,102,-1.39
142785,100,-2.29
142887,101,-6.08
142989,101,-7.10
143091,101,-13.59
143193,101,-1.85
143295,101,2.25
143396,100,3.88
143499,102,7.00
143600,100,8.10
143703,102,10.45
143804,100,9.18
143906,101,5.39
144009,102,2.75
144110,101,-0.54
144212,101,-2.76
144314,100,-4.42
144416,101,-7.75
144518,101,-8.31
144620,101,-14.09
144721,100,0.33
144824,102,1.84
144925,100,5.04
145028,102,6.85
145129,100,9.09
145231,101,10.35
145333,101,9.18
145435,101,6.02
145537,101,5.23
145639,101,0.37
145740,100,-2.15
145843,102,-5.99
145944,100,-7.34
146046,101,-11.58
146148,100,-10.95
146250,101,2.47
146352,101,2.23
146454,101,4.44
146555,100,7.21
146658,102,10.76
146760,101,11.52
146862,101,9.96
146964,101,8.66
147065,100,8.03
147168,102,1.06
147269,100,0.20
147372,102,-4.48
147473,100,-4.01
147575,101,-12.94
147677,101,-12.18
147779,101,2.55
147880,100,2.19
147983,102,3.25
148084,100,6.43
148187,102,9.57
148288,100,11.13
148390,101,9.80
148492,101,7.14
148594,101,4.42
148696,101,0.73
148798,101,-2.52
148899,100,-5.60
149002,102,-6.40
149104,101,-13.82
149206,101,-13.68
149308,101,1.39
149409,100,2.58
149512,102,5.10
149613,100,7.53
149715,101,8.58
149817,101,11.18
149919,101,10.49
150021,101,7.18
150123,101,5.48
150224,100,0.38
150327,102,-2.51
150428,100,-5.04
150531,102,-6.60
150632,100,-8.96
150734,101,-13.88
150836,101,-0.13
150938,101,1.38
151040,101,1.96
151142,101,5.35
151243,100,7.87
151346,102,10.42
151447,100,8.93
151549,101,8.46
151651,101,5.08
151753,101,4.70
151856,102,0.78
151957,101,-1.14
152059,101,-4.82
152161,101,-5.38
152263,101,-6.31
152365,101,12.58
152467,101,0.60
152568,100,4.43
152671,102,0.51
152772,100,-2.80
152875,102,0.65
152976,100,-1.75
153078,101,-3.19
153180,101,-2.23
153282,101,-0.62
153383,100,3.15
153486,102,2.06
153587,100,2.14
153690,102,1.59
153791,100,-6.13
153893,101,-1.82
153995,101,-8.26
154097,101,-6.94
154199,101,-5.73
154301,101,-7.35
154402,100,-6.12
154505,102,-5.54
154606,100,-6.05
154708,101,-6.12
154811,101,-5.56
154912,100,-2.93
155015,102,-3.29
155116,100,-2.80
155218,101,-3.07
155320,101,-3.07
155422,101,-2.39
155524,101,-1.50
155626,101,-1.76
155727,100,-2.78
155830,102,-0.90
155931,100,0.11
156034,102,0.40
156135,100,3.87
156237,101,0.58
156339,101,-1.18
156441,101,-1.36
156542,100,0.58
156645,101,1.28
156746,100,2.50
156849,102,0.99
156950,100,-1.00
157052,101,-2.23
157154,101,-4.36
157256,101,-0.02
157359,102,2.32
157460,101,1.99
157562,101,1.21
157664,101,1.17
157766,101,0.78
157868,101,0.77
157970,101,0.51
158071,100,1.49
158174,102,-0.21
158275,100,-0.20
158377,101,0.75
158479,100,1.05
158581,101,-0.03
158683,101,-2.11
158785,101,-1.53
158886,100,-0.18
158989,102,-1.30
159090,100,0.61
159193,102,2.46
159294,100,-0.28
159396,101,-0.54
159498,101,0.53
159600,101,0.91
159702,101,0.52
159804,101,0.29
159905,100,0.31
160008,102,0.66
160109,100,0.75
160211,101,0.31
160314,102,0.18
160415,101,0.50
160518,102,0.60
160619,100,0.24
160721,101,0.10
160823,101,0.19
160925,101,0.31
161027,101,0.21
161129,101,0.12
161230,100,0.05
161333,102,0.18
161434,100,-0.01
161537,102,-0.11
161638,100,0.03
161740,101,-0.17
161842,101,-0.24
161944,101,0.34
162045,100,2.53
162148,102,1.81
162249,100,2.14
162352,102,3.18
162453,100,1.55
162555,101,2.31
162657,101,4.93
162759,101,4.13
162861,101,0.93
162963,101,0.21
163064,100,-0.99
163167,102,-1.31
163269,101,-3.38
163371,102,-4.75
163473,101,-2.69
163574,100,-0.70
163677,102,-0.24
163778,100,-2.79
163880,101,-3.46
163982,101,-2.34
164084,101,-2.34
164186,101,-3.01
164288,101,-2.58
164389,100,-2.54
164492,102,-2.32
164593,100,-3.08
164696,102,-1.49
164797,100,-1.24
164899,101,-2.44
165001,101,-2.48
165103,101,-2.39
165204,100,-3.56
165307,101,-1.85
165408,100,-2.92
165511,102,-4.50
165612,100,-3.39
165714,101,-3.36
165816,101,-5.14
165918,101,-2.66
166020,101,-1.14
166122,101,-1.84
166224,101,-3.93
166326,102,-4.07
166428,101,-1.55
166530,101,-0.80
166632,101,-1.58
166733,100,-1.99
166836,102,-0.80
166937,100,-1.92
167040,102,-1.86
167141,100,-1.12
167243,101,-1.86
167345,101,-3.60
167447,101,-4.30
167548,100,-3.61
167651,102,-4.69
167752,100,-2.15
167855,102,-1.46
167956,100,-1.95
168058,101,-1.95
168160,101,-2.58
168262,101,-2.34
168364,101,-1.85
168466,101,-2.53
168567,100,-2.01
168670,102,-1.80
168771,100,-1.73
168873,101,-3.79
168976,101,-4.28
169077,101,-2.54
169180,102,-2.17
169281,100,-3.36
169383,101,-2.36
169485,101,-2.11
169587,101,-1.81
169689,101,-2.75
169791,101,-2.28
169892,100,-2.65
169995,102,-2.49
170096,100,-1.59
170199,102,-1.54
170300,100,-1.94
170402,101,-0.04
170504,101,0.31
170606,101,-1.00
170707,100,-1.25
170810,102,-3.25
170911,100,-2.96
171014,102,-2.93
171115,100,-4.08
171217,101,-4.24
171319,101,-2.34
171421,101,-2.34
171523,101,-3.55
171625,101,-1.69
171726,100,-1.26
171829,102,-3.46
171931,101,-2.39
172033,102,-1.00
172135,101,-3.21
172236,100,-1.82
172339,102,-0.11
172440,100,-0.54
172542,101,-1.62
172644,100,-2.83
172746,101,-3.16
172848,101,-4.23
172950,101,-4.63
173051,100,-4.53
173154,102,-2.01
173255,100,-2.04
173358,102,-1.81
173459,100,-3.33
173561,101,-2.30
173663,101,-3.03
173765,101,-2.44
173867,101,-2.41
173969,101,-3.90
174070,100,-3.02
174173,102,-1.43
174274,100,-1.87
174376,101,-4.20
174478,101,-5.76
174580,101,-2.31
174682,101,-2.76
174784,101,-2.69
174886,101,-2.18
174988,102,-0.81
175090,101,-2.64
175192,101,-2.10
175294,101,-3.26
175395,100,-1.79
175498,102,-0.90
175599,100,-0.20
175702,102,-2.52
175803,100,-0.85
175905,101,-3.59
176007,101,-5.60
176109,101,-4.20
176210,100,-2.50
176313,102,-4.35
176414,100,-3.06
176517,102,-1.66
176618,100,-2.48
176720,101,-1.41
176822,101,-2.32
176924,101,-1.47
177026,101,0.02
177128,101,-2.08
177229,100,-1.29
177332,102,-1.14
177433,100,-2.31
177536,102,-6.33
177637,100,-3.09
177739,101,-0.67
177842,102,-2.60
177943,101,-1.18
178045,101,-1.49
178147,101,-1.99
178249,101,-1.24
178351,101,-2.46
178453,101,-3.13
178554,100,-1.63
178657,102,-2.52
178758,100,-3.23
178861,102,-0.27
178962,100,-1.71
179064,101,-4.37
179166,101,-5.49
179268,101,-2.66
179369,100,-1.89
179472,101,-1.61
179573,100,-0.97
179676,102,-0.98
179777,100,-2.71
179879,101,-1.16
179981,101,-2.90
180083,101,-4.44
180185,101,-2.42
180287,101,-3.65
180388,100,-2.32
180491,102,-0.24
180592,100,-1.50
180695,102,-6.21
180797,101,-6.82
180898,101,-1.91
181001,102,-0.70
181102,101,-5.13
181204,101,-2.69
181306,100,0.27
181408,101,-3.00
181510,101,-2.84
181612,101,-1.09
181713,100,-1.75
181816,102,-1.50
181917,100,-1.30
182020,102,-2.96
182121,100,-1.51
182223,101,-0.45
182325,101,-1.39
182427,101,-0.72
182529,101,-0.81
182631,101,-1.02
182732,100,-0.63
182835,102,-1.56
182936,100,-2.01
183038,101,-1.84
183140,100,-1.75
183242,101,-1.66
183344,101,-0.80
183446,101,-0.55
183547,100,-0.65
183650,102,-0.63
183751,100,-0.72
183854,102,-0.53
183955,100,-0.39
184057,101,-0.38
184159,101,-0.57
184261,101,-0.64
184364,102,-0.43
184465,101,-0.20
184567,101,-0.14
184669,101,0.03
184771,101,-0.04
184872,100,-0.25
184975,102,-0.28
185076,100,-0.35
185179,102,-0.11
185280,100,0.06
185382,101,0.00
185484,101,-0.06
185586,101,0.06
185688,101,0.16
185790,101,0.24
185891,100,0.14
185994,102,0.18
186095,100,0.13
186198,102,0.04
186299,100,0.03
186401,101,-0.04
186503,101,0.18
186605,101,0.25
186706,100,0.19
186809,102,0.09
186910,100,0.21
187013,102,0.38
187114,100,0.13
187216,101,0.07
187318,101,-0.08
187420,101,0.19
187523,102,0.09
187624,101,0.13
187726,101,0.20
187828,102,0.19
187930,101,0.28
188032,101,0.21
188134,101,0.28
